Workbook
Name TotalBudget: Summary!$B$6
Name ApprovedBudget: Summary!$B$7

Sheet Rates
A1: Code | B1: Overhead Rate
A2: ENG | B2: 0.15
A3: MKT | B3: 0.12
A4: SLS | B4: 0.18

Sheet Engineering
A1: Category | B1: Vendor | C1: Qty | D1: Unit Cost | E1: Cost Center Code | F1: Overhead Rate | G1: Line Total
A2: Cloud Infrastructure | B2: AWS | C2: 12 | D2: 8000 | E2: ENG | F2: =VLOOKUP(E2,Rates!A:B,2,FALSE) -> 0.15 | G2: =C2*D2*(1+F2) -> 110400
A3: Contractor Staffing | B3: Acme Contracting | C3: 3 | D3: 45000 | E3: ENG | F3: =VLOOKUP(E3,Rates!A:B,2,FALSE) -> 0.15 | G3: =C3*D3*(1+F3) -> 155250
A4: Software Licenses | B4: JetBrains | C4: 50 | D4: 200 | E4: ENG | F4: =VLOOKUP(E4,Rates!A:B,2,FALSE) -> 0.15 | G4: =C4*D4*(1+F4) -> 11500
A5: Hardware | B5: Dell | C5: 20 | D5: 1800 | E5: ENG | F5: =VLOOKUP(E5,Rates!A:B,2,FALSE) -> 0.15 | G5: =C5*D5*(1+F5) -> 41400
A6: Subtotal | G6: =SUM(G2:G5) -> 318550

Sheet Marketing
A1: Category | B1: Vendor | C1: Qty | D1: Unit Cost | E1: Cost Center Code | F1: Overhead Rate | G1: Line Total
A2: Digital Ads | B2: Google Ads | C2: 12 | D2: 5000 | E2: MKT | F2: =VLOOKUP(E2,Rates!A:B,2,FALSE) -> 0.12 | G2: =C2*D2*(1+F2) -> 67200
A3: Content Agency | B3: Contently | C3: 12 | D3: 3000 | E3: MKT | F3: =VLOOKUP(E3,Rates!A:B,2,FALSE) -> 0.12 | G3: =C3*D3*(1+F3) -> 40320
A4: Events & Conferences | B4: Various | C4: 4 | D4: 15000 | E4: MKT | F4: =VLOOKUP(E4,Rates!A:B,2,FALSE) -> 0.12 | G4: =C4*D4*(1+F4) -> 67200
A5: Marketing Software | B5: HubSpot | C5: 1 | D5: 24000 | E5: MKT | F5: =VLOOKUP(E5,Rates!A:B,2,FALSE) -> 0.12 | G5: =C5*D5*(1+F5) -> 26880
A6: Subtotal | G6: =SUM(G2:G5) -> 201600

Sheet Sales
A1: Category | B1: Vendor | C1: Qty | D1: Unit Cost | E1: Cost Center Code | F1: Overhead Rate | G1: Line Total
A2: CRM Software | B2: Salesforce | C2: 1 | D2: 48000 | E2: SLS | F2: =VLOOKUP(E2,Rates!A:B,2,FALSE) -> 0.18 | G2: =C2*D2*(1+F2) -> 56640
A3: Sales Commission Pool | B3: N/A | C3: 1 | D3: 220000 | E3: SLS | F3: =VLOOKUP(E3,Rates!A:B,2,FALSE) -> 0.18 | G3: =C3*D3*(1+F3) -> 259600
A4: Travel & Entertainment | B4: Various | C4: 1 | D4: 35000 | E4: SLS | F4: =VLOOKUP(E4,Rates!A:B,2,FALSE) -> 0.18 | G4: =C4*D4*(1+F4) -> 41300
A5: Sales Enablement Tools | B5: Gong | C5: 1 | D5: 18000 | E5: SLS | F5: =VLOOKUP(E5,Rates!A:B,2,FALSE) -> 0.18 | G5: =C5*D5*(1+F5) -> 21240
A6: Subtotal | G6: =SUM(G2:G5) -> 378780

Sheet Summary
A1: Budget Summary
A2: Department | B2: Subtotal
A3: Engineering | B3: =Engineering!G6 -> 318550
A4: Marketing | B4: =Marketing!G6 -> 201600
A5: Sales | B5: =Sales!G6 -> 378780
A6: Total Budget | B6: =SUM(B3:B5) -> 898930
A7: Approved Budget | B7: 850000
A8: Variance | B8: =TotalBudget-ApprovedBudget -> 48930
A9: Variance % | B9: =B8/ApprovedBudget -> 0.057564706
A10: Status | B10: =IF(TotalBudget>ApprovedBudget,"OVER BUDGET","WITHIN BUDGET") -> OVER BUDGET
A11: Highest Spending Dept | B11: =INDEX(A3:A5,MATCH(MAX(B3:B5),B3:B5,0)) -> Sales
